label,mean
1,0.51121
2,0.5822499999999999
3,1.1479533333333334
4,0.53282
5,0.95331
6,0.88118
7,0.7106333333333333
8,0.7171033333333333
9,0.7561466666666666
10,0.5371533333333334
11,0.54986
12,0.6171800000000001
13,1.1452766666666667
14,0.3255133333333333
15,0.6761966666666667
16,0.8901633333333333
17,1.0389166666666667
18,0.97013
19,0.7087566666666667
20,0.60584
21,0.9539633333333334
22,0.73994
23,0.6076466666666667
24,0.9276133333333333
25,0.8387133333333333
NA,0.808844
