label,mean
1,0.4655566666666667
2,0.49007666666666666
3,1.1519366666666666
4,0.57081
5,0.8912133333333333
6,0.7412433333333334
7,0.7948266666666667
8,0.76834
9,0.62048
10,0.41361
11,0.43974
12,0.44281
13,0.9052733333333334
14,0.29511
15,0.41755333333333333
16,0.7146466666666667
17,0.8175866666666667
18,1.0616966666666667
19,0.6507066666666667
20,0.6874866666666667
21,1.18144
22,0.8594566666666666
23,0.8814833333333333
24,0.6940200000000001
25,0.66237
NA,0.7472113333333333
