label,mean
1,0.6088
2,0.55986
3,1.2936166666666666
4,0.5822266666666667
5,0.9738433333333334
6,0.85853
7,0.8169066666666667
8,0.77644
9,0.8246066666666667
10,0.56194
11,0.6614733333333334
12,0.6154166666666666
13,1.08092
14,0.43695666666666666
15,0.5661833333333334
16,0.7756933333333333
17,1.1346166666666666
18,0.97776
19,0.8646866666666667
20,0.6469966666666667
21,1.0750133333333334
22,0.99702
23,0.7069266666666667
24,0.85969
25,0.8127300000000001
NA,0.83680375
